grid_id,x,y,mean_activity,median_activity,std_activity,min_activity,max_activity,valid_days,zero_activity_days,zero_activity_ratio,activity_class,mean_inflow,median_inflow,std_inflow,min_inflow,max_inflow,zero_inflow_days,zero_inflow_ratio,inflow_active_days,inflow_active_ratio,pre_activity_mean,pre_activity_median,pre_activity_std,pre_days,pre_mean_inflow,pre_median_inflow,pre_std_inflow,pre_active_days,pre_active_ratio,baseline_class,january_activity_mean,january_activity_median,january_activity_std,january_days,january_mean_inflow,january_median_inflow,january_std_inflow,post_activity_mean,post_activity_median,post_activity_std,post_days,post_mean_inflow,post_median_inflow,post_std_inflow,impact_change,impact_ratio,impact_class,impact_magnitude,affected_by_earthquake,inflow_change,inflow_impact_ratio,activity_loss,activity_recovered,inflow_loss,inflow_recovered,recovery_ratio,inflow_recovery_ratio,recovery_status,baseline_classification,final_class,classification_reason
5_68,68,5,2.078094751549393,1.7674538769912869,1.5639160988369527,0.0,7.886673288859828,292,60,0.2054794520547945,Active,2.078094751549393,1.7674538769912869,1.5639160988369527,0.0,7.886673288859828,60,0.2054794520547945,232,0.7945205479452054,2.8061510065962403,2.4185759680071865,1.754771909451217,54,2.8061510065962403,2.4185759680071865,1.754771909451217,49,0.9074074074074074,SufficientBaseline,1.6754740124698737,1.461982028542177,1.382062770672983,28,1.6754740124698737,1.461982028542177,1.382062770672983,1.9445630511765208,1.6573090254946097,1.4836575978946525,210,1.9445630511765208,1.6573090254946097,1.4836575978946525,-1.1306769941263668,-0.4029280646225226,Decrease,1.1306769941263668,True,-1.1306769941263668,-0.4029280646225226,1.1306769941263668,0.2690890387066473,1.1306769941263668,0.2690890387066473,0.2379893109212527,0.2379893109212527,Calculated,SufficientBaseline,Partial Recovery,Baseline sufficient; inflow decreased >= 20%; some lost inflow recovered
12_27,27,12,92.90996811044673,94.53287588932416,21.05030040656439,40.83485010240749,143.95367272937528,292,0,0.0,Active,92.42316115048884,93.75586362037208,20.778256692366977,40.336864125548864,142.83473576662584,0,0.0,292,1.0,106.0596163172674,112.29824604445103,24.29719603895559,54,105.1972833940512,111.6829347449825,23.786374932346448,54,1.0,SufficientBaseline,84.21756681063577,89.32187428280714,27.03045960757727,28,83.49598161266421,87.93870618796366,26.88339058657963,90.6876168400962,92.54048820271532,17.694947282451995,210,90.32867746433038,92.0158905052742,17.522445474510917,-21.701301781386988,-0.2062914657225281,Decrease,21.701301781386988,True,-21.701301781386988,-0.2062914657225281,21.701301781386988,6.832695851666173,21.701301781386988,6.832695851666173,0.3148518886330826,0.3148518886330826,Calculated,SufficientBaseline,Partial Recovery,Baseline sufficient; inflow decreased >= 20%; some lost inflow recovered
14_32,32,14,3.03187717079069,2.820486820164952,2.110151608580901,0.0,11.44988837175779,292,44,0.1506849315068493,Active,3.03187717079069,2.820486820164952,2.110151608580901,0.0,11.44988837175779,44,0.1506849315068493,248,0.8493150684931506,4.445474291936581,4.325062335422663,2.343490868620989,54,4.445474291936581,4.325062335422663,2.343490868620989,50,0.925925925925926,SufficientBaseline,2.6743580540760834,2.558866792634464,1.6790659491018274,28,2.6743580540760834,2.558866792634464,1.6790659491018274,2.7160499837722667,2.5257734596702504,1.9517164830226452,210,2.7160499837722667,2.5257734596702504,1.9517164830226452,-1.7711162378604972,-0.3984088359419904,Decrease,1.7711162378604972,True,-1.7711162378604972,-0.3984088359419904,1.7711162378604972,0.0416919296961832,1.7711162378604972,0.0416919296961832,0.0235399172594945,0.0235399172594945,Calculated,SufficientBaseline,Partial Recovery,Baseline sufficient; inflow decreased >= 20%; some lost inflow recovered
14_94,94,14,6.406274233579862,6.29842600073612,2.6416495284274832,0.0,16.595503699560382,292,3,0.0102739726027397,Active,6.406274233579862,6.29842600073612,2.6416495284274832,0.0,16.595503699560382,3,0.0102739726027397,289,0.9897260273972602,7.048156909703697,7.244003172464328,2.17074358441668,54,7.048156909703697,7.244003172464328,2.17074358441668,54,1.0,SufficientBaseline,4.7782051796814375,5.114410383582947,2.1796847359810285,28,4.7782051796814375,5.114410383582947,2.1796847359810285,6.458294562143999,6.149724830278718,2.728227729028161,210,6.458294562143999,6.149724830278718,2.728227729028161,-2.26995173002226,-0.3220631661728552,Decrease,2.26995173002226,True,-2.26995173002226,-0.3220631661728552,2.26995173002226,1.6800893824625618,2.26995173002226,1.6800893824625618,0.7401432198939696,0.7401432198939696,Calculated,SufficientBaseline,Partial Recovery,Baseline sufficient; inflow decreased >= 20%; some lost inflow recovered
16_35,35,16,10.342781940279858,10.31785519685486,3.732931438600264,2.203699550584533,22.32202785355202,292,0,0.0,Active,10.316149429220596,10.245796151476856,3.724772762689084,2.203699550584533,22.803106040050984,0,0.0,292,1.0,12.156741212501082,12.148439120807852,4.078132621897141,54,12.075937919629652,12.31217199026853,4.033666810334219,54,1.0,SufficientBaseline,7.398796677960347,7.214162331290974,2.6547053920143178,28,7.398796677960347,7.214162331290974,2.6547053920143178,10.26886663858938,10.383091316250052,3.501044280659088,210,10.252612755664398,10.383091316250052,3.512325217912801,-4.677141241669305,-0.387310805404732,Decrease,4.677141241669305,True,-4.677141241669305,-0.387310805404732,4.677141241669305,2.8538160777040504,4.677141241669305,2.8538160777040504,0.6101624753768401,0.6101624753768401,Calculated,SufficientBaseline,Partial Recovery,Baseline sufficient; inflow decreased >= 20%; some lost inflow recovered
16_48,48,16,2.3783752864848493,2.149648299779086,1.904138438899129,0.0,10.253714986559135,292,58,0.1986301369863013,Active,2.3783752864848493,2.149648299779086,1.904138438899129,0.0,10.253714986559135,58,0.1986301369863013,234,0.8013698630136986,3.171542989091771,3.195543277079528,1.958800465384744,54,3.171542989091771,3.195543277079528,1.958800465384744,45,0.8333333333333334,SufficientBaseline,1.8929493977820573,1.6059927644447898,1.6591619329081546,28,1.8929493977820573,1.6059927644447898,1.6591619329081546,2.239141329070108,1.9395564077205991,1.8724499107063783,210,2.239141329070108,1.9395564077205991,1.8724499107063783,-1.2785935913097135,-0.4031455968616279,Decrease,1.2785935913097135,True,-1.2785935913097135,-0.4031455968616279,1.2785935913097135,0.3461919312880508,1.2785935913097135,0.3461919312880508,0.2707599456473365,0.2707599456473365,Calculated,SufficientBaseline,Partial Recovery,Baseline sufficient; inflow decreased >= 20%; some lost inflow recovered
21_38,38,21,7.878657178672725,7.571932159931011,3.0441224143576493,1.3838519189604483,17.679393053587503,292,0,0.0,Active,7.878657178672725,7.571932159931011,3.0441224143576493,1.3838519189604483,17.679393053587503,0,0.0,292,1.0,8.20045601500571,8.490546858543972,2.470033759702747,54,8.20045601500571,8.490546858543972,2.470033759702747,54,1.0,SufficientBaseline,5.648450864391449,5.716610500829351,1.655539122227827,28,5.648450864391449,5.716610500829351,1.655539122227827,8.093269748376985,7.699115508703525,3.2034032759334377,210,8.093269748376985,7.699115508703525,3.2034032759334377,-2.552005150614261,-0.3112028338356357,Decrease,2.552005150614261,True,-2.552005150614261,-0.3112028338356357,2.552005150614261,2.444818883985536,2.552005150614261,2.444818883985536,0.957999196591384,0.957999196591384,Calculated,SufficientBaseline,Partial Recovery,Baseline sufficient; inflow decreased >= 20%; some lost inflow recovered
21_39,39,21,5.92728761676914,5.802027156821078,2.745001752791996,0.0,13.723268283306208,292,4,0.0136986301369863,Active,5.92728761676914,5.802027156821078,2.745001752791996,0.0,13.723268283306208,4,0.0136986301369863,288,0.9863013698630136,7.331273851799739,7.307354516409976,2.2578966511593515,54,7.331273851799739,7.307354516409976,2.2578966511593515,54,1.0,SufficientBaseline,4.401764278835992,4.528915979824914,2.11736015704135,28,4.401764278835992,4.528915979824914,2.11736015704135,5.769665696628548,5.5234710221947285,2.7880692346144262,210,5.769665696628548,5.5234710221947285,2.7880692346144262,-2.929509572963747,-0.3995907985683263,Decrease,2.929509572963747,True,-2.929509572963747,-0.3995907985683263,2.929509572963747,1.367901417792556,2.929509572963747,1.367901417792556,0.4669387089282209,0.4669387089282209,Calculated,SufficientBaseline,Partial Recovery,Baseline sufficient; inflow decreased >= 20%; some lost inflow recovered
41_40,40,41,7.940154823268037,7.8257417596687455,2.883637440543592,1.7201376569171285,18.57668475066137,292,0,0.0,Active,7.940154823268037,7.8257417596687455,2.883637440543592,1.7201376569171285,18.57668475066137,0,0.0,292,1.0,8.796341532808542,8.480011955484578,3.1603997478847887,54,8.796341532808542,8.480011955484578,3.1603997478847887,54,1.0,SufficientBaseline,5.907607957017866,5.747333426387824,2.163331977243538,28,5.907607957017866,5.747333426387824,2.163331977243538,7.990998775362406,7.96124645426302,2.7739712470444484,210,7.990998775362406,7.96124645426302,2.7739712470444484,-2.888733575790676,-0.3284017071206586,Decrease,2.888733575790676,True,-2.888733575790676,-0.3284017071206586,2.888733575790676,2.0833908183445398,2.888733575790676,2.0833908183445398,0.7212125188022208,0.7212125188022208,Calculated,SufficientBaseline,Partial Recovery,Baseline sufficient; inflow decreased >= 20%; some lost inflow recovered
41_41,41,41,3.1711016161552217,2.9351193316192647,2.177702146974008,0.0,11.982354485697613,292,40,0.136986301369863,Active,3.1711016161552217,2.9351193316192647,2.177702146974008,0.0,11.982354485697613,40,0.136986301369863,252,0.863013698630137,4.005984159807508,4.215544612023908,1.9732101866762453,54,4.005984159807508,4.215544612023908,1.9732101866762453,51,0.9444444444444444,SufficientBaseline,1.7022587157497375,1.590643678940813,1.5276896992942108,28,1.7022587157497375,1.590643678940813,1.5276896992942108,3.152263253555841,2.8551079340894208,2.201063552056457,210,3.152263253555841,2.8551079340894208,2.201063552056457,-2.303725444057771,-0.575071031775739,Decrease,2.303725444057771,True,-2.303725444057771,-0.575071031775739,2.303725444057771,1.4500045378061033,2.303725444057771,1.4500045378061033,0.629417251758991,0.629417251758991,Calculated,SufficientBaseline,Partial Recovery,Baseline sufficient; inflow decreased >= 20%; some lost inflow recovered
41_42,42,41,3.203048588850167,2.863811271239457,2.223279194941976,0.0,10.263830270714337,292,38,0.1301369863013698,Active,3.203048588850167,2.863811271239457,2.223279194941976,0.0,10.263830270714337,38,0.1301369863013698,254,0.8698630136986302,4.0092780057507,3.9955517009314976,2.44203981727557,54,4.0092780057507,3.9955517009314976,2.44203981727557,48,0.8888888888888888,SufficientBaseline,1.4437433544917706,1.4763533184541475,1.2666238471196376,28,1.4437433544917706,1.4763533184541475,1.2666238471196376,3.2303064843235307,2.910534134105569,2.1399571018063672,210,3.2303064843235307,2.910534134105569,2.1399571018063672,-2.565534651258929,-0.6398994152012057,Decrease,2.565534651258929,True,-2.565534651258929,-0.6398994152012057,2.565534651258929,1.78656312983176,2.565534651258929,1.78656312983176,0.6963706878623054,0.6963706878623054,Calculated,SufficientBaseline,Partial Recovery,Baseline sufficient; inflow decreased >= 20%; some lost inflow recovered
42_45,45,42,38.05341099522825,38.66750337385463,7.617096192739464,15.119003828894629,57.62847060281392,292,0,0.0,Active,38.00215086317942,38.51351310960538,7.694838627753338,13.98630973096441,57.31124966371586,0,0.0,292,1.0,39.80459363404854,39.63275521783678,6.144555150432211,54,39.65669726795085,39.59218732236129,6.18737640963423,54,1.0,SufficientBaseline,28.031357276549866,26.8532457901709,8.030845230223226,28,27.975379956494663,26.862907713885186,8.177310085343498,38.93938071726015,39.00974531553936,6.9166844060601695,210,38.91359886093903,38.74847040595361,7.005976814340475,-11.681317311456183,-0.2945610228841879,Decrease,11.681317311456183,True,-11.681317311456183,-0.2945610228841879,11.681317311456183,10.93821890444437,11.681317311456183,10.93821890444437,0.936385735683848,0.936385735683848,Calculated,SufficientBaseline,Partial Recovery,Baseline sufficient; inflow decreased >= 20%; some lost inflow recovered
42_47,47,42,91.63111853161963,92.91482644853372,15.420815031121943,47.67164725201953,128.66841251240868,292,0,0.0,Active,91.01814323164912,92.09821781346984,15.273586939170787,47.27766669621772,128.41953743985084,0,0.0,292,1.0,99.29026490814118,100.86117777607828,11.793316824579234,54,98.67758666131895,100.12359019748334,11.65756606215707,54,1.0,SufficientBaseline,73.83456806283213,76.29571508200465,13.138712848642822,28,73.29360459205803,75.50940697065988,13.044719142231404,92.03449714492388,93.0755385041557,14.689442219387631,210,91.4118438826319,92.50753371446731,14.5245342674744,-25.383982069260934,-0.257241618163847,Decrease,25.383982069260934,True,-25.383982069260934,-0.257241618163847,25.383982069260934,18.118239290573868,25.383982069260934,18.118239290573868,0.7137666281491108,0.7137666281491108,Calculated,SufficientBaseline,Partial Recovery,Baseline sufficient; inflow decreased >= 20%; some lost inflow recovered
43_36,36,43,6.828970228665978,6.739076163493498,4.039084347422315,0.0,19.19920762053062,292,14,0.047945205479452,Active,6.828970228665978,6.739076163493498,4.039084347422315,0.0,19.19920762053062,14,0.047945205479452,278,0.952054794520548,7.983111889336046,7.859016121852798,4.694187509762789,54,7.983111889336046,7.859016121852798,4.694187509762789,51,0.9444444444444444,SufficientBaseline,3.816029384342966,2.9174158487662263,2.8240368214579314,28,3.816029384342966,2.9174158487662263,2.8240368214579314,6.933916390403411,6.942668678413744,3.8112179956069463,210,6.933916390403411,6.942668678413744,3.8112179956069463,-4.16708250499308,-0.5219872353987081,Decrease,4.16708250499308,True,-4.16708250499308,-0.5219872353987081,4.16708250499308,3.117887006060445,4.16708250499308,3.117887006060445,0.7482182083806912,0.7482182083806912,Calculated,SufficientBaseline,Partial Recovery,Baseline sufficient; inflow decreased >= 20%; some lost inflow recovered
43_44,44,43,35.578362684072154,32.3566229760901,12.789084151874397,16.82126540984968,96.61666663820012,292,0,0.0,Active,35.55073235028318,32.686931285423086,12.808494655519327,16.82126540984968,96.56626670776808,0,0.0,292,1.0,55.71633401708102,53.35566975583463,14.446932367004958,54,55.72707392777494,53.40350932765851,14.457230295300372,54,1.0,SufficientBaseline,30.567207667098803,28.987044042113062,10.155330636950238,28,30.46457245510741,29.011943340955995,9.983475559647609,31.068181200704416,31.066608696473352,5.735749550671672,210,31.040684883046826,31.043627351840065,5.784663828653791,-25.262501472667527,-0.4533254608955242,Decrease,25.262501472667527,True,-25.262501472667527,-0.4533254608955242,25.262501472667527,0.5761124279394139,25.262501472667527,0.5761124279394139,0.0228050428245489,0.0228050428245489,Calculated,SufficientBaseline,Partial Recovery,Baseline sufficient; inflow decreased >= 20%; some lost inflow recovered
43_45,45,43,228.7511494119418,221.81057983721053,32.64860474196904,175.4370833226916,373.4113325569791,292,0,0.0,Active,229.2390563924276,222.5481069788568,32.71207359667289,176.45005520880008,373.25951876138737,0,0.0,292,1.0,275.1840214328653,267.3089143931496,32.39980415311524,54,275.9422126042196,268.3052146412722,32.33257712689095,54,1.0,SufficientBaseline,204.74912128193293,193.4759988417304,40.67748535400575,28,205.11664352137652,193.8007324378609,40.51808016350534,220.01153845246745,219.0054849887406,17.123020415880912,210,220.4459950826784,219.65398038010864,17.132645956864657,-70.82556908284306,-0.2566681205257539,Decrease,70.82556908284306,True,-70.82556908284306,-0.2566681205257539,70.82556908284306,15.32935156130182,70.82556908284306,15.32935156130182,0.2164380994012406,0.2164380994012406,Calculated,SufficientBaseline,Partial Recovery,Baseline sufficient; inflow decreased >= 20%; some lost inflow recovered
44_48,48,44,2.980151552283352,2.7517662933573286,2.1274346440268643,0.0,9.738079198731832,292,48,0.1643835616438356,Active,2.980151552283352,2.7517662933573286,2.1274346440268643,0.0,9.738079198731832,48,0.1643835616438356,244,0.8356164383561644,3.640812144439991,3.580019996987131,2.2034061421987188,54,3.640812144439991,3.580019996987131,2.2034061421987188,49,0.9074074074074074,SufficientBaseline,2.4038307054094816,2.0916452991827192,1.7647338207157115,28,2.4038307054094816,2.0916452991827192,1.7647338207157115,2.887110179597684,2.6263821959906526,2.1218520327411707,210,2.887110179597684,2.6263821959906526,2.1218520327411707,-1.2369814390305094,-0.3397542608507132,Decrease,1.2369814390305094,True,-1.2369814390305094,-0.3397542608507132,1.2369814390305094,0.4832794741882025,1.2369814390305094,0.4832794741882025,0.390692583525728,0.390692583525728,Calculated,SufficientBaseline,Partial Recovery,Baseline sufficient; inflow decreased >= 20%; some lost inflow recovered
45_44,44,45,2.1703682232981936,1.974494535922685,1.7479929708305455,0.0,8.215107006114101,292,68,0.2328767123287671,Active,2.1703682232981936,1.974494535922685,1.7479929708305455,0.0,8.215107006114101,68,0.2328767123287671,224,0.7671232876712328,2.5897322322082337,2.237117612918256,1.732468977371811,54,2.5897322322082337,2.237117612918256,1.732468977371811,47,0.8703703703703703,SufficientBaseline,1.246519863126199,1.2333116279583156,1.16124109497269,28,1.246519863126199,1.2333116279583156,1.16124109497269,2.1857115452204496,2.018353525447217,1.7773355843574117,210,2.1857115452204496,2.018353525447217,1.7773355843574117,-1.3432123690820348,-0.5186684369822643,Decrease,1.3432123690820348,True,-1.3432123690820348,-0.5186684369822643,1.3432123690820348,0.9391916820942507,1.3432123690820348,0.9391916820942507,0.6992130981760569,0.6992130981760569,Calculated,SufficientBaseline,Partial Recovery,Baseline sufficient; inflow decreased >= 20%; some lost inflow recovered
45_47,47,45,2.634260294763503,2.517472781918056,1.982682125620868,0.0,10.083497715099725,292,60,0.2054794520547945,Active,2.634260294763503,2.517472781918056,1.982682125620868,0.0,10.083497715099725,60,0.2054794520547945,232,0.7945205479452054,3.380363983202088,2.9210552538764616,1.989921345431444,54,3.380363983202088,2.9210552538764616,1.989921345431444,51,0.9444444444444444,SufficientBaseline,1.1041795886352752,0.4575513426078743,1.3249219555475504,28,1.1041795886352752,0.4575513426078743,1.3249219555475504,2.6464158214106783,2.548764404238758,1.945453422616928,210,2.6464158214106783,2.548764404238758,1.945453422616928,-2.2761843945668128,-0.6733548238822115,Decrease,2.2761843945668128,True,-2.2761843945668128,-0.6733548238822115,2.2761843945668128,1.5422362327754031,2.2761843945668128,1.5422362327754031,0.6775532933345282,0.6775532933345282,Calculated,SufficientBaseline,Partial Recovery,Baseline sufficient; inflow decreased >= 20%; some lost inflow recovered
46_47,47,46,2.06162501392569,2.011363167267703,1.606202027742378,0.0,10.642989880651012,292,67,0.2294520547945205,Active,2.06162501392569,2.011363167267703,1.606202027742378,0.0,10.642989880651012,67,0.2294520547945205,225,0.7705479452054794,2.754533459357252,2.5244282549606085,1.4414620878507165,54,2.754533459357252,2.5244282549606085,1.4414620878507165,49,0.9074074074074074,SufficientBaseline,1.1517976920935116,1.287494956123187,0.9737969814765712,28,1.1517976920935116,1.287494956123187,0.9737969814765712,2.004758866106628,1.967363264403893,1.6445286630258171,210,2.004758866106628,1.967363264403893,1.6445286630258171,-1.60273576726374,-0.5818538024358308,Decrease,1.60273576726374,True,-1.60273576726374,-0.5818538024358308,1.60273576726374,0.8529611740131164,1.60273576726374,0.8529611740131164,0.5321907649626667,0.5321907649626667,Calculated,SufficientBaseline,Partial Recovery,Baseline sufficient; inflow decreased >= 20%; some lost inflow recovered
47_51,51,47,6.859510923709641,6.810528763968528,2.434976094094934,1.3701162455183644,13.326643196182726,292,0,0.0,Active,6.859510923709641,6.810528763968528,2.434976094094934,1.3701162455183644,13.326643196182726,0,0.0,292,1.0,7.28177633865967,7.143409639575292,2.177517923581664,54,7.28177633865967,7.143409639575292,2.177517923581664,54,1.0,SufficientBaseline,5.751241238872472,5.747735990704364,2.1796424021660807,28,5.751241238872472,5.747735990704364,2.1796424021660807,6.8986976797484,6.845074913032601,2.4954038908646567,210,6.8986976797484,6.845074913032601,2.4954038908646567,-1.5305350997871976,-0.210187051703502,Decrease,1.5305350997871976,True,-1.5305350997871976,-0.210187051703502,1.5305350997871976,1.1474564408759278,1.5305350997871976,1.1474564408759278,0.7497093278262404,0.7497093278262404,Calculated,SufficientBaseline,Partial Recovery,Baseline sufficient; inflow decreased >= 20%; some lost inflow recovered
48_42,42,48,1.2887525743706518,0.9871757171381708,1.6076630938850474,0.0,10.321558813392905,292,143,0.4897260273972603,LowActivity,1.2887525743706518,0.9871757171381708,1.6076630938850474,0.0,10.321558813392905,143,0.4897260273972603,149,0.5102739726027398,2.285877007888459,2.064621432547181,2.012406086130773,54,2.285877007888459,2.064621432547181,2.012406086130773,42,0.7777777777777778,SufficientBaseline,0.2449347801395939,0.0,0.8014493822736591,28,0.2449347801395939,0.0,0.8014493822736591,1.1715248545064043,0.0,1.4394455189301874,210,1.1715248545064043,0.0,1.4394455189301874,-2.040942227748865,-0.8928486618946098,Decrease,2.040942227748865,True,-2.040942227748865,-0.8928486618946098,2.040942227748865,0.9265900743668104,2.040942227748865,0.9265900743668104,0.4540011283851127,0.4540011283851127,Calculated,SufficientBaseline,Partial Recovery,Baseline sufficient; inflow decreased >= 20%; some lost inflow recovered
49_43,43,49,1.8264971373894612,1.585468503764059,1.8665785031419484,0.0,9.238250665511476,292,99,0.339041095890411,LowActivity,1.8264971373894612,1.585468503764059,1.8665785031419484,0.0,9.238250665511476,99,0.339041095890411,193,0.660958904109589,2.4358948474075586,2.0608877833431407,2.186090234303221,54,2.4358948474075586,2.0608877833431407,2.186090234303221,41,0.7592592592592593,SufficientBaseline,0.9749052123095442,0.5241527061114266,1.2290848612335348,28,0.9749052123095442,0.5241527061114266,1.2290848612335348,1.7833404591097493,1.6386505267141849,1.802513936135161,210,1.7833404591097493,1.6386505267141849,1.802513936135161,-1.4609896350980145,-0.5997753296505786,Decrease,1.4609896350980145,True,-1.4609896350980145,-0.5997753296505786,1.4609896350980145,0.8084352468002051,1.4609896350980145,0.8084352468002051,0.5533476948629886,0.5533476948629886,Calculated,SufficientBaseline,Partial Recovery,Baseline sufficient; inflow decreased >= 20%; some lost inflow recovered
49_47,47,49,2.356618020491549,2.2457665369275643,1.8646050467107944,0.0,7.277107887419911,292,70,0.2397260273972602,Active,2.356618020491549,2.2457665369275643,1.8646050467107944,0.0,7.277107887419911,70,0.2397260273972602,222,0.7602739726027398,2.8367712046701428,2.450002979165117,2.142395358913433,54,2.8367712046701428,2.450002979165117,2.142395358913433,43,0.7962962962962963,SufficientBaseline,1.697896017873899,1.510694922966454,1.5815285258509817,28,1.697896017873899,1.510694922966454,1.5815285258509817,2.320979659194645,2.2000956842482964,1.7985549878310871,210,2.320979659194645,2.2000956842482964,1.7985549878310871,-1.1388751867962434,-0.4014688195231701,Decrease,1.1388751867962434,True,-1.1388751867962434,-0.4014688195231701,1.1388751867962434,0.6230836413207457,1.1388751867962434,0.6230836413207457,0.5471044136746319,0.5471044136746319,Calculated,SufficientBaseline,Partial Recovery,Baseline sufficient; inflow decreased >= 20%; some lost inflow recovered
50_42,42,50,0.7518085469295863,0.0,1.140303452583569,0.0,6.315020534935014,292,187,0.6404109589041096,LowActivity,0.7518085469295863,0.0,1.140303452583569,0.0,6.315020534935014,187,0.6404109589041096,105,0.3595890410958904,1.6568460945498356,1.6447045949022747,1.3156339244242363,54,1.6568460945498356,1.6447045949022747,1.3156339244242363,42,0.7777777777777778,SufficientBaseline,0.1497782520086754,0.0,0.5499975503510339,28,0.1497782520086754,0.0,0.5499975503510339,0.5993553121024056,0.0,1.0241580841273064,210,0.5993553121024056,0.0,1.0241580841273064,-1.50706784254116,-0.9096003832212488,Decrease,1.50706784254116,True,-1.50706784254116,-0.9096003832212488,1.50706784254116,0.4495770600937301,1.50706784254116,0.4495770600937301,0.2983124232388042,0.2983124232388042,Calculated,SufficientBaseline,Partial Recovery,Baseline sufficient; inflow decreased >= 20%; some lost inflow recovered
50_45,45,50,15.889385499162174,15.630100270446825,5.032606860546111,2.4163475466313056,32.89298904486196,292,0,0.0,Active,15.82970117161322,15.547009660825998,5.034281021408755,2.4163475466313056,32.99419824192307,0,0.0,292,1.0,16.960788218331622,16.759541743756138,4.392397377207207,54,16.849322245561364,16.884949501536713,4.430291428254843,54,1.0,SufficientBaseline,11.290316165431609,10.642308274951514,5.943969454113988,28,11.33086418889148,10.642308274951514,5.976003667657284,16.227091187301724,15.783370994760196,4.749994068543128,210,16.16735782648469,15.573708701115816,4.754153619309551,-5.518458056669884,-0.3275181028793972,Decrease,5.518458056669884,True,-5.518458056669884,-0.3275181028793972,5.518458056669884,4.836493637593209,5.518458056669884,4.836493637593209,0.8764212009816006,0.8764212009816006,Calculated,SufficientBaseline,Partial Recovery,Baseline sufficient; inflow decreased >= 20%; some lost inflow recovered
51_36,36,51,1.408463413574153,1.4166523056729972,1.542004876266013,0.0,8.349719175546827,292,137,0.4691780821917808,LowActivity,1.408463413574153,1.4166523056729972,1.542004876266013,0.0,8.349719175546827,137,0.4691780821917808,155,0.5308219178082192,2.8804458834437647,3.0836656786010845,1.5755249668014446,54,2.8804458834437647,3.0836656786010845,1.5755249668014446,49,0.9074074074074074,SufficientBaseline,0.7372657399994174,0.0,1.148088060922746,28,0.7372657399994174,0.0,1.148088060922746,1.1194466587509797,0.0,1.344179158115453,210,1.1194466587509797,0.0,1.344179158115453,-2.143180143444347,-0.7440445785712984,Decrease,2.143180143444347,True,-2.143180143444347,-0.7440445785712984,2.143180143444347,0.3821809187515621,2.143180143444347,0.3821809187515621,0.1783242159650432,0.1783242159650432,Calculated,SufficientBaseline,Partial Recovery,Baseline sufficient; inflow decreased >= 20%; some lost inflow recovered
51_46,46,51,9.435570407143487,9.535451728573898,3.0866168823147357,1.33147388433665,20.22235592508608,292,0,0.0,Active,9.435570407143487,9.535451728573898,3.0866168823147357,1.33147388433665,20.22235592508608,0,0.0,292,1.0,10.026352777276625,9.824623151289805,2.9393301799714533,54,10.026352777276625,9.824623151289805,2.9393301799714533,54,1.0,SufficientBaseline,6.879415623905438,7.280098778278335,2.9591222065600538,28,6.879415623905438,7.280098778278335,2.9591222065600538,9.624475578302896,9.845166837764172,2.990255442121465,210,9.624475578302896,9.845166837764172,2.990255442121465,-3.1469371533711863,-0.3138665897038148,Decrease,3.1469371533711863,True,-3.1469371533711863,-0.3138665897038148,3.1469371533711863,2.745059954397459,3.1469371533711863,2.745059954397459,0.8722957658867727,0.8722957658867727,Calculated,SufficientBaseline,Partial Recovery,Baseline sufficient; inflow decreased >= 20%; some lost inflow recovered
51_47,47,51,4.83804268237717,4.79625322413319,2.497265516106109,0.0,16.45506130245262,292,9,0.0308219178082191,Active,4.83804268237717,4.79625322413319,2.497265516106109,0.0,16.45506130245262,9,0.0308219178082191,283,0.9691780821917808,5.697030746942427,5.190374480343629,2.7306279311193133,54,5.697030746942427,5.190374480343629,2.7306279311193133,54,1.0,SufficientBaseline,4.268715210238167,4.947086694725593,2.129284063965507,28,4.268715210238167,4.947086694725593,2.129284063965507,4.69307036682178,4.514575399957122,2.43954690954611,210,4.69307036682178,4.514575399957122,2.43954690954611,-1.42831553670426,-0.250712274542459,Decrease,1.42831553670426,True,-1.42831553670426,-0.250712274542459,1.42831553670426,0.424355156583613,1.42831553670426,0.424355156583613,0.2971018277675417,0.2971018277675417,Calculated,SufficientBaseline,Partial Recovery,Baseline sufficient; inflow decreased >= 20%; some lost inflow recovered
51_53,53,51,7.088905098983027,6.882356998027673,3.2691085591286906,0.0,20.58663467320513,292,6,0.0205479452054794,Active,7.086578167203663,6.882356998027673,3.270187602880927,0.0,20.48421360517923,6,0.0205479452054794,286,0.9794520547945206,8.770017709548956,8.935099405367016,2.9817700657798447,54,8.770017709548956,8.935099405367016,2.9817700657798447,54,1.0,SufficientBaseline,6.683666148711252,6.717525159996282,3.665515112156012,28,6.659399574440754,6.717525159996282,3.673023683821019,6.710650859159452,6.369197959594866,3.16128599857142,210,6.710650859159452,6.369197959594866,3.16128599857142,-2.1106181351082016,-0.2406629273747214,Decrease,2.1106181351082016,True,-2.1106181351082016,-0.2406629273747214,2.1106181351082016,0.0512512847186981,2.1106181351082016,0.0512512847186981,0.0242825946892902,0.0242825946892902,Calculated,SufficientBaseline,Partial Recovery,Baseline sufficient; inflow decreased >= 20%; some lost inflow recovered
52_36,36,52,2.4849775143529227,2.423096941519435,1.915752420743515,0.0,11.07452640996816,292,63,0.2157534246575342,Active,2.4849775143529227,2.423096941519435,1.915752420743515,0.0,11.07452640996816,63,0.2157534246575342,229,0.7842465753424658,3.596908097854222,3.438163671572447,1.978882384482676,54,3.596908097854222,3.438163671572447,1.978882384482676,50,0.925925925925926,SufficientBaseline,0.944593671902212,0.0,1.118008762422816,28,0.944593671902212,0.0,1.118008762422816,2.404437019493636,2.377457242629432,1.8198018832231653,210,2.404437019493636,2.377457242629432,1.8198018832231653,-2.65231442595201,-0.7373873209421946,Decrease,2.65231442595201,True,-2.65231442595201,-0.7373873209421946,2.65231442595201,1.4598433475914236,2.65231442595201,1.4598433475914236,0.5504035770824697,0.5504035770824697,Calculated,SufficientBaseline,Partial Recovery,Baseline sufficient; inflow decreased >= 20%; some lost inflow recovered
52_43,43,52,4.591729773298528,4.51345450679298,2.0299184939581525,0.0,10.51121601527078,292,7,0.023972602739726,Active,4.59370077668853,4.51345450679298,2.0345379284448684,0.0,10.51121601527078,7,0.023972602739726,285,0.976027397260274,5.243543095706457,5.216158408908376,1.812535486689339,54,5.243543095706457,5.216158408908376,1.812535486689339,54,1.0,SufficientBaseline,3.785078862846996,3.375429649598589,2.040844574771276,28,3.805633612485586,3.375429649598589,2.0979508354610568,4.531674087977645,4.330371520697819,2.04095644728574,210,4.531674087977645,4.330371520697819,2.04095644728574,-1.4379094832208708,-0.2742247859845505,Decrease,1.4379094832208708,True,-1.4379094832208708,-0.2742247859845505,1.4379094832208708,0.7260404754920593,1.4379094832208708,0.7260404754920593,0.5049278024550976,0.5049278024550976,Calculated,SufficientBaseline,Partial Recovery,Baseline sufficient; inflow decreased >= 20%; some lost inflow recovered
52_46,46,52,4.101802758504325,3.827754634734895,2.100090762114572,0.0,9.918567169255386,292,8,0.0273972602739726,Active,4.101802758504325,3.827754634734895,2.100090762114572,0.0,9.918567169255386,8,0.0273972602739726,284,0.9726027397260274,4.634753678602599,4.512884254324989,2.084063822820672,54,4.634753678602599,4.512884254324989,2.084063822820672,54,1.0,SufficientBaseline,2.677700746209399,2.4450978556583243,1.6333406038580331,28,2.677700746209399,2.4450978556583243,1.6333406038580331,4.154638504499332,3.8533030381880806,2.0849014528518524,210,4.154638504499332,3.8533030381880806,2.0849014528518524,-1.9570529323932,-0.422256082654054,Decrease,1.9570529323932,True,-1.9570529323932,-0.422256082654054,1.9570529323932,1.4769377582899326,1.9570529323932,1.4769377582899326,0.7546744055020759,0.7546744055020759,Calculated,SufficientBaseline,Partial Recovery,Baseline sufficient; inflow decreased >= 20%; some lost inflow recovered
53_35,35,53,4.107876534465632,4.0823856961005545,2.238118468953052,0.0,12.354730932922488,292,18,0.0616438356164383,Active,4.107876534465632,4.0823856961005545,2.238118468953052,0.0,12.354730932922488,18,0.0616438356164383,274,0.9383561643835616,6.233128430283533,6.031172599945999,1.9666739457075355,54,6.233128430283533,6.031172599945999,1.9666739457075355,54,1.0,SufficientBaseline,3.276350557952637,2.789161837283383,2.5588906244691274,28,3.276350557952637,2.789161837283383,2.5588906244691274,3.672253320028476,3.451432929095572,1.9228780687058595,210,3.672253320028476,3.451432929095572,1.9228780687058595,-2.956777872330896,-0.4743649846785522,Decrease,2.956777872330896,True,-2.956777872330896,-0.4743649846785522,2.956777872330896,0.3959027620758388,2.956777872330896,0.3959027620758388,0.1338966872623879,0.1338966872623879,Calculated,SufficientBaseline,Partial Recovery,Baseline sufficient; inflow decreased >= 20%; some lost inflow recovered
53_38,38,53,22.293183000961086,21.712895543808028,5.915055529723772,2.7533686136394824,45.442929480440064,292,0,0.0,Active,22.303963473301128,21.604669049181,5.924167186361517,2.7533686136394824,45.19799305803544,0,0.0,292,1.0,28.097802938137537,28.73933049848823,5.629176064709084,54,28.13825897936533,29.08701374808169,5.670355165419333,54,1.0,SufficientBaseline,20.606416669291587,21.35489359569585,9.11556667407628,28,20.56610378030615,21.07593871216365,9.07675270050188,21.02546862324307,20.721356052162456,4.386741942956501,210,21.035430683188714,20.769286891037485,4.387728521026534,-7.572155199059178,-0.2691053204326564,Decrease,7.572155199059178,True,-7.572155199059178,-0.2691053204326564,7.572155199059178,0.4693269028825639,7.572155199059178,0.4693269028825639,0.0619806238177575,0.0619806238177575,Calculated,SufficientBaseline,Partial Recovery,Baseline sufficient; inflow decreased >= 20%; some lost inflow recovered
53_53,53,53,4.602630141097147,4.392367463965705,2.1685245594767184,0.0,13.475096895354426,292,7,0.023972602739726,Active,4.602630141097147,4.392367463965705,2.1685245594767184,0.0,13.475096895354426,7,0.023972602739726,285,0.976027397260274,4.8712250123625305,4.507049244985245,2.0543815333556155,54,4.8712250123625305,4.507049244985245,2.0543815333556155,54,1.0,SufficientBaseline,3.779609330189636,4.190248361057061,2.1605652296346096,28,3.779609330189636,4.190248361057061,2.1605652296346096,4.64329899660705,4.39391278067917,2.182460689297294,210,4.64329899660705,4.39391278067917,2.182460689297294,-1.0916156821728942,-0.2240946947436254,Decrease,1.0916156821728942,True,-1.0916156821728942,-0.2240946947436254,1.0916156821728942,0.8636896664174136,1.0916156821728942,0.8636896664174136,0.791203058477699,0.791203058477699,Calculated,SufficientBaseline,Partial Recovery,Baseline sufficient; inflow decreased >= 20%; some lost inflow recovered
54_38,38,54,6.90000487848137,6.475988505241404,3.296165772956883,0.0,18.42786583916636,292,8,0.0273972602739726,Active,6.902056528684412,6.475988505241404,3.2994620648835054,0.0,18.42786583916636,8,0.0273972602739726,284,0.9726027397260274,10.392430636918062,10.322589524484254,3.34002985685772,54,10.392430636918062,10.322589524484254,3.34002985685772,54,1.0,SufficientBaseline,2.98825773234396,2.44380199641914,2.6241662315435184,28,2.98825773234396,2.44380199641914,2.6241662315435184,6.523518826749305,6.348478775400775,2.4627259004012285,210,6.526371597507819,6.348478775400775,2.469300714837088,-7.404172904574103,-0.7124582461268998,Decrease,7.404172904574103,True,-7.404172904574103,-0.7124582461268998,7.404172904574103,3.53811386516386,7.404172904574103,3.53811386516386,0.4778540305262329,0.4778540305262329,Calculated,SufficientBaseline,Partial Recovery,Baseline sufficient; inflow decreased >= 20%; some lost inflow recovered
54_42,42,54,2.352801283431993,2.4207075135536176,1.595785179756551,0.0,8.664842124364657,292,58,0.1986301369863013,Active,2.352801283431993,2.4207075135536176,1.595785179756551,0.0,8.664842124364657,58,0.1986301369863013,234,0.8013698630136986,2.9026635263943152,2.8817719761272054,1.1337322979820077,54,2.9026635263943152,2.8817719761272054,1.1337322979820077,52,0.9629629629629628,SufficientBaseline,0.0494422281324318,0.0,0.2616236798066721,28,0.0494422281324318,0.0,0.2616236798066721,2.5185226759482897,2.487455986744952,1.547372577917393,210,2.5185226759482897,2.487455986744952,1.547372577917393,-2.853221298261883,-0.982966600268048,Decrease,2.853221298261883,True,-2.853221298261883,-0.982966600268048,2.853221298261883,2.4690804478158577,2.853221298261883,2.4690804478158577,0.8653659109161861,0.8653659109161861,Calculated,SufficientBaseline,Partial Recovery,Baseline sufficient; inflow decreased >= 20%; some lost inflow recovered
54_43,43,54,2.83179585783498,2.7104854790589017,1.7983938987333812,0.0,10.851597067237124,292,38,0.1301369863013698,Active,2.83179585783498,2.7104854790589017,1.7983938987333812,0.0,10.851597067237124,38,0.1301369863013698,254,0.8698630136986302,3.5171680757371964,3.3537011432236365,1.9058276002641816,54,3.5171680757371964,3.3537011432236365,1.9058276002641816,49,0.9074074074074074,SufficientBaseline,0.6806142533061427,0.0,0.9910169393135356,28,0.6806142533061427,0.0,0.9910169393135356,2.9423815014544448,2.7461376466218645,1.6436473324043464,210,2.9423815014544448,2.7461376466218645,1.6436473324043464,-2.836553822431054,-0.8064879929960452,Decrease,2.836553822431054,True,-2.836553822431054,-0.8064879929960452,2.836553822431054,2.261767248148302,2.836553822431054,2.261767248148302,0.7973644745474515,0.7973644745474515,Calculated,SufficientBaseline,Partial Recovery,Baseline sufficient; inflow decreased >= 20%; some lost inflow recovered
54_58,58,54,7.350002740138244,7.162339503014151,3.237824031288595,0.0,16.88996220190269,292,2,0.0068493150684931,Active,7.352379822452266,7.162339503014151,3.2450985816874662,0.0,17.584070237597324,2,0.0068493150684931,290,0.9931506849315068,8.498056966543249,8.698576146706728,3.241201068744749,54,8.498056966543249,8.698576146706728,3.241201068744749,54,1.0,SufficientBaseline,4.443296562374551,3.652865675677919,2.6438803436793488,28,4.443296562374551,3.652865675677919,2.6438803436793488,7.442349619907354,7.304280616818188,3.09007276570104,210,7.445654896267805,7.304280616818188,3.1005800554015184,-4.054760404168698,-0.4771397061860426,Decrease,4.054760404168698,True,-4.054760404168698,-0.4771397061860426,4.054760404168698,3.0023583338932545,4.054760404168698,3.0023583338932545,0.7404527110421939,0.7404527110421939,Calculated,SufficientBaseline,Partial Recovery,Baseline sufficient; inflow decreased >= 20%; some lost inflow recovered
55_40,40,55,0.7617231974043819,0.0,1.3456401084399006,0.0,6.740134756164306,292,201,0.6883561643835616,LowActivity,0.7617231974043819,0.0,1.3456401084399006,0.0,6.740134756164306,201,0.6883561643835616,91,0.3116438356164384,2.577931140893518,2.723755367717548,1.850492079647536,54,2.577931140893518,2.723755367717548,1.850492079647536,42,0.7777777777777778,SufficientBaseline,0.1138363103437266,0.0,0.3348947384575037,28,0.1138363103437266,0.0,0.3348947384575037,0.3810832159247865,0.0,0.7643549342832137,210,0.3810832159247865,0.0,0.7643549342832137,-2.4640948305497914,-0.9558419895171169,Decrease,2.4640948305497914,True,-2.4640948305497914,-0.9558419895171169,2.4640948305497914,0.2672469055810599,2.4640948305497914,0.2672469055810599,0.1084564206976691,0.1084564206976691,Calculated,SufficientBaseline,Partial Recovery,Baseline sufficient; inflow decreased >= 20%; some lost inflow recovered
55_45,45,55,4.11197091989085,4.066962750634293,2.3549859885036617,0.0,10.574993465411987,292,27,0.0924657534246575,Active,4.11197091989085,4.066962750634293,2.3549859885036617,0.0,10.574993465411987,27,0.0924657534246575,265,0.9075342465753424,4.889814877843048,4.856163979489816,1.831955496474562,54,4.889814877843048,4.856163979489816,1.831955496474562,53,0.9814814814814816,SufficientBaseline,2.455850977602265,2.221922115989614,2.27477333881372,28,2.455850977602265,2.221922115989614,2.27477333881372,4.132769894436858,3.979395244873145,2.382882745101696,210,4.132769894436858,3.979395244873145,2.382882745101696,-2.433963900240784,-0.4977619728038522,Decrease,2.433963900240784,True,-2.433963900240784,-0.4977619728038522,2.433963900240784,1.6769189168345928,2.433963900240784,1.6769189168345928,0.6889662236439501,0.6889662236439501,Calculated,SufficientBaseline,Partial Recovery,Baseline sufficient; inflow decreased >= 20%; some lost inflow recovered
55_56,56,55,2.871431640620921,2.661056231148976,2.119876042674469,0.0,18.711274579085902,292,43,0.1472602739726027,Active,2.86703907184383,2.661056231148976,2.0999359956982566,0.0,17.936251371668142,43,0.1472602739726027,249,0.8527397260273972,3.540413156210347,3.198880477295207,1.9004945030520124,54,3.540413156210347,3.198880477295207,1.9004945030520124,52,0.9629629629629628,SufficientBaseline,2.3250982806535387,2.184432202509903,1.59658575837335,28,2.306969463671647,2.184432202509903,1.5838683985821764,2.7722522703221486,2.612101230913612,2.20142673772026,210,2.76856168362016,2.612101230913612,2.175069739562664,-1.2334436925387,-0.3483897607755408,Decrease,1.2334436925387,True,-1.2334436925387,-0.3483897607755408,1.2334436925387,0.4615922199485127,1.2334436925387,0.4615922199485127,0.3742304758139821,0.3742304758139821,Calculated,SufficientBaseline,Partial Recovery,Baseline sufficient; inflow decreased >= 20%; some lost inflow recovered
56_40,40,56,0.94391782834114,0.0,1.3187029447875505,0.0,6.952238878378174,292,178,0.6095890410958904,LowActivity,0.94391782834114,0.0,1.3187029447875505,0.0,6.952238878378174,178,0.6095890410958904,114,0.3904109589041096,1.388264744741167,1.1426917670209955,1.546749749587193,54,1.388264744741167,1.1426917670209955,1.546749749587193,28,0.5185185185185185,SufficientBaseline,0.2132622366644896,0.0,1.1284776845112805,28,0.2132622366644896,0.0,1.1284776845112805,0.927077938252306,0.0,1.23581012806124,210,0.927077938252306,0.0,1.23581012806124,-1.175002508076677,-0.8463821562332832,Decrease,1.175002508076677,True,-1.175002508076677,-0.8463821562332832,1.175002508076677,0.7138157015878163,1.175002508076677,0.7138157015878163,0.6075014280235348,0.6075014280235348,Calculated,SufficientBaseline,Partial Recovery,Baseline sufficient; inflow decreased >= 20%; some lost inflow recovered
56_41,41,56,5.635833862930831,4.999490206820472,3.152867826446461,0.0,19.12297483530611,292,6,0.0205479452054794,Active,5.635833862930831,4.999490206820472,3.152867826446461,0.0,19.12297483530611,6,0.0205479452054794,286,0.9794520547945206,9.454122370805282,9.060172314141836,3.1576871591106586,54,9.454122370805282,9.060172314141836,3.1576871591106586,54,1.0,SufficientBaseline,3.758199649852441,3.5867119443256072,3.034911560552292,28,3.758199649852441,3.5867119443256072,3.034911560552292,4.90433947503071,4.583456443705665,2.31201451583939,210,4.90433947503071,4.583456443705665,2.31201451583939,-5.69592272095284,-0.6024803252538896,Decrease,5.69592272095284,True,-5.69592272095284,-0.6024803252538896,5.69592272095284,1.146139825178269,5.69592272095284,1.146139825178269,0.2012210982010194,0.2012210982010194,Calculated,SufficientBaseline,Partial Recovery,Baseline sufficient; inflow decreased >= 20%; some lost inflow recovered
56_42,42,56,2.6390961240967483,2.3321064120217345,2.065125469432335,0.0,10.754212142719096,292,57,0.1952054794520548,Active,2.6390961240967483,2.3321064120217345,2.065125469432335,0.0,10.754212142719096,57,0.1952054794520548,235,0.8047945205479452,4.101315160279951,3.537615347555532,2.2293163113765755,54,4.101315160279951,3.537615347555532,2.2293163113765755,52,0.9629629629629628,SufficientBaseline,1.8504088723754604,0.0,2.860118758583918,28,1.8504088723754604,0.0,2.860118758583918,2.36825524359343,2.241748848159119,1.7062967770027389,210,2.36825524359343,2.241748848159119,1.7062967770027389,-2.25090628790449,-0.5488254864449008,Decrease,2.25090628790449,True,-2.25090628790449,-0.5488254864449008,2.25090628790449,0.5178463712179695,2.25090628790449,0.5178463712179695,0.2300612753186029,0.2300612753186029,Calculated,SufficientBaseline,Partial Recovery,Baseline sufficient; inflow decreased >= 20%; some lost inflow recovered
56_45,45,56,1.2607323829993426,1.2023747982428947,1.411477803296092,0.0,5.615415969909064,292,137,0.4691780821917808,LowActivity,1.2607323829993426,1.2023747982428947,1.411477803296092,0.0,5.615415969909064,137,0.4691780821917808,155,0.5308219178082192,1.904491679945768,1.859114183146242,1.5652896918657335,54,1.904491679945768,1.859114183146242,1.5652896918657335,37,0.6851851851851852,SufficientBaseline,0.2294682382066433,0.0,0.7638049838870022,28,0.2294682382066433,0.0,0.7638049838870022,1.2326961640426215,1.2205060548859006,1.351624016980672,210,1.2326961640426215,1.2205060548859006,1.351624016980672,-1.6750234417391243,-0.8795120815580683,Decrease,1.6750234417391243,True,-1.6750234417391243,-0.8795120815580683,1.6750234417391243,1.0032279258359784,1.6750234417391243,1.0032279258359784,0.5989336631577873,0.5989336631577873,Calculated,SufficientBaseline,Partial Recovery,Baseline sufficient; inflow decreased >= 20%; some lost inflow recovered
56_52,52,56,5.4494862270219,5.126638010965818,2.788537624711586,0.0,14.67161372354703,292,8,0.0273972602739726,Active,5.4494862270219,5.126638010965818,2.788537624711586,0.0,14.67161372354703,8,0.0273972602739726,284,0.9726027397260274,5.712025863977492,5.617846943572324,2.929424530542259,54,5.712025863977492,5.617846943572324,2.929424530542259,52,0.9629629629629628,SufficientBaseline,4.227663323392832,4.425645498461611,2.294885922723142,28,4.227663323392832,4.425645498461611,2.294885922723142,5.544885755145767,5.153958239016284,2.782678394409392,210,5.544885755145767,5.153958239016284,2.782678394409392,-1.4843625405846597,-0.2598662148828303,Decrease,1.4843625405846597,True,-1.4843625405846597,-0.2598662148828303,1.4843625405846597,1.3172224317529349,1.4843625405846597,1.3172224317529349,0.8873994025975004,0.8873994025975004,Calculated,SufficientBaseline,Partial Recovery,Baseline sufficient; inflow decreased >= 20%; some lost inflow recovered
56_54,54,56,24.06644110845257,23.74811703282969,5.697947021810114,5.530737673398392,44.06534263144075,292,0,0.0,Active,24.06635631809252,23.74811703282969,5.699616531873548,5.530737673398392,44.06534263144075,0,0.0,292,1.0,26.788004600198867,26.325662171833308,4.820644727975549,54,26.78880156946591,26.325662171833308,4.828691853007701,54,1.0,SufficientBaseline,20.9502751912471,21.4318305131316,7.099664051761704,28,20.96828128885082,21.4318305131316,7.127721715920321,23.782099285249963,23.3266130623084,5.431763549338888,210,23.779375638304924,23.3266130623084,5.42877469712844,-5.820520280615089,-0.2172743810700872,Decrease,5.820520280615089,True,-5.820520280615089,-0.2172743810700872,5.820520280615089,2.811094349454102,5.820520280615089,2.811094349454102,0.4829627273727215,0.4829627273727215,Calculated,SufficientBaseline,Partial Recovery,Baseline sufficient; inflow decreased >= 20%; some lost inflow recovered
57_39,39,57,0.925430849710478,0.0,1.5956832285224516,0.0,9.23919008896812,292,202,0.6917808219178082,LowActivity,0.925430849710478,0.0,1.5956832285224516,0.0,9.23919008896812,202,0.6917808219178082,90,0.3082191780821918,2.9906269902036127,2.4985995740559503,1.8122322533735664,54,2.9906269902036127,2.4985995740559503,1.8122322533735664,47,0.8703703703703703,SufficientBaseline,0.1626701895827177,0.0,0.5987025225119298,28,0.1626701895827177,0.0,0.5987025225119298,0.4960818349340398,0.0,1.140577940780591,210,0.4960818349340398,0.0,1.140577940780591,-2.827956800620895,-0.9456066603706929,Decrease,2.827956800620895,True,-2.827956800620895,-0.9456066603706929,2.827956800620895,0.3334116453513222,2.827956800620895,0.3334116453513222,0.1178984223797618,0.1178984223797618,Calculated,SufficientBaseline,Partial Recovery,Baseline sufficient; inflow decreased >= 20%; some lost inflow recovered
57_43,43,57,12.953237124637091,12.671633814552226,4.127056694623033,3.555384752508952,26.415600432950683,292,0,0.0,Active,12.971879483167957,12.671633814552226,4.150826620255834,3.555384752508952,26.415600432950683,0,0.0,292,1.0,16.905092587952186,16.724102103970814,3.0031084831503567,54,16.942296012795087,17.033903671986607,3.010276793654849,54,1.0,SufficientBaseline,10.438698021246577,9.332146245225784,5.067436483968364,28,10.437432079282384,9.044379750285522,5.11136912092096,12.27231760023671,12.259880824693866,3.572510110418353,210,12.288841553210483,12.259880824693866,3.5935677767772467,-6.504863933512704,-0.3839422902657425,Decrease,6.504863933512704,True,-6.504863933512704,-0.3839422902657425,6.504863933512704,1.8514094739281024,6.504863933512704,1.8514094739281024,0.2846192468976548,0.2846192468976548,Calculated,SufficientBaseline,Partial Recovery,Baseline sufficient; inflow decreased >= 20%; some lost inflow recovered
57_44,44,57,27.490831302573092,27.2542135224521,6.475571024686736,8.190156083420643,51.21185371292354,292,0,0.0,Active,27.42627532903896,27.19187392433569,6.523536479146225,7.780648279249611,51.21185371292354,0,0.0,292,1.0,30.03597888137719,29.268221621815588,6.175479650085667,54,29.95825009339329,29.08839807736507,6.205672783396852,54,1.0,SufficientBaseline,21.270910984465264,20.31158808703654,8.020971321930343,28,21.077501270891283,20.2381890024552,8.035803902520703,27.66568749139023,27.262473803431572,5.789254286644908,210,27.62169931167229,27.23371138151253,5.835297413470065,-8.880748822502007,-0.2964375020175321,Decrease,8.880748822502007,True,-8.880748822502007,-0.2964375020175321,8.880748822502007,6.544198040781012,8.880748822502007,6.544198040781012,0.7368970986094493,0.7368970986094493,Calculated,SufficientBaseline,Partial Recovery,Baseline sufficient; inflow decreased >= 20%; some lost inflow recovered
57_54,54,57,24.29510804414421,24.184998921949333,5.111402508907732,0.0,40.461382075191466,292,1,0.0034246575342465,Active,24.324533219629927,24.206452647782257,5.137631668347471,0.0,41.10362623511514,1,0.0034246575342465,291,0.9965753424657534,26.2217046081082,26.12894688482257,4.859038373362095,54,26.244126080748632,26.12894688482257,4.850600777761218,54,1.0,SufficientBaseline,20.152755972541,21.369554168816805,7.507284524544265,28,20.204808050902027,21.369554168816805,7.557890619173321,24.352011108671995,23.950970677766637,4.455080211567419,210,24.38022031593455,23.950970677766637,4.491821729101067,-6.039318029846605,-0.2301207520214111,Decrease,6.039318029846605,True,-6.039318029846605,-0.2301207520214111,6.039318029846605,4.175412265032524,6.039318029846605,4.175412265032524,0.6913714834021709,0.6913714834021709,Calculated,SufficientBaseline,Partial Recovery,Baseline sufficient; inflow decreased >= 20%; some lost inflow recovered
57_59,59,57,1.0030347279515686,0.0,1.2631271624589837,0.0,5.142987934167903,292,157,0.5376712328767124,LowActivity,1.0030347279515686,0.0,1.2631271624589837,0.0,5.142987934167903,157,0.5376712328767124,135,0.4623287671232877,1.224740469673724,1.1695621400943783,1.3535590040339065,54,1.224740469673724,1.1695621400943783,1.3535590040339065,30,0.5555555555555556,SufficientBaseline,0.2237743799397513,0.0,0.6875931475677587,28,0.2237743799397513,0.0,0.6875931475677587,1.0499260598150664,0.0,1.264723950790592,210,1.0499260598150664,0.0,1.264723950790592,-1.0009660897339725,-0.817288327216487,Decrease,1.0009660897339725,True,-1.0009660897339725,-0.817288327216487,1.0009660897339725,0.826151679875315,1.0009660897339725,0.826151679875315,0.8253543135461082,0.8253543135461082,Calculated,SufficientBaseline,Partial Recovery,Baseline sufficient; inflow decreased >= 20%; some lost inflow recovered
57_60,60,57,4.102027724508343,3.8844421764183874,2.3201595348941337,0.0,12.82212569022282,292,22,0.0753424657534246,Active,4.102027724508343,3.8844421764183874,2.3201595348941337,0.0,12.82212569022282,22,0.0753424657534246,270,0.9246575342465754,4.66695594855059,4.229237375509146,2.492186828503583,54,4.66695594855059,4.229237375509146,2.492186828503583,50,0.925925925925926,SufficientBaseline,1.9979080421810635,1.9395158122606075,1.850458010272352,28,1.9979080421810635,1.9395158122606075,1.850458010272352,4.23730975787445,4.1375401498184345,2.187191764839715,210,4.23730975787445,4.1375401498184345,2.187191764839715,-2.6690479063695265,-0.5719033853744536,Decrease,2.6690479063695265,True,-2.6690479063695265,-0.5719033853744536,2.6690479063695265,2.2394017156933868,2.6690479063695265,2.2394017156933868,0.8390264222493667,0.8390264222493667,Calculated,SufficientBaseline,Partial Recovery,Baseline sufficient; inflow decreased >= 20%; some lost inflow recovered
58_41,41,58,0.45234114296479,0.0,0.9711018010513722,0.0,6.328845355259113,292,225,0.7705479452054794,LowActivity,0.45234114296479,0.0,0.9711018010513722,0.0,6.328845355259113,225,0.7705479452054794,67,0.2294520547945205,1.396227822565143,1.1861372858258568,1.5205052828836487,54,1.396227822565143,1.1861372858258568,1.5205052828836487,33,0.6111111111111112,SufficientBaseline,0.134894979868411,0.0,0.4966699020243957,28,0.134894979868411,0.0,0.4966699020243957,0.2519535804327878,0.0,0.6409743496667223,210,0.2519535804327878,0.0,0.6409743496667223,-1.261332842696732,-0.9033861253240302,Decrease,1.261332842696732,True,-1.261332842696732,-0.9033861253240302,1.261332842696732,0.1170586005643768,1.261332842696732,0.1170586005643768,0.092805480521783,0.092805480521783,Calculated,SufficientBaseline,Partial Recovery,Baseline sufficient; inflow decreased >= 20%; some lost inflow recovered
58_45,45,58,22.42765362620135,22.003193949896605,6.845552530810483,7.533733956427009,55.77624675246926,292,0,0.0,Active,22.447943056550205,21.97859961125279,6.915648235242387,7.533733956427009,55.98994884730631,0,0.0,292,1.0,31.15076053590588,29.974865362931133,5.298940013304309,54,31.242619271816796,29.942004224227556,5.310102644236339,54,1.0,SufficientBaseline,16.89910593721697,15.783683243319516,8.720816978003684,28,16.869566689120738,16.081950956568143,8.734913471641665,20.92170868414191,20.87585294989431,4.718921561778664,210,20.93023840256749,20.97989097766152,4.807874133473003,-14.373052582696054,-0.460046337909371,Decrease,14.373052582696054,True,-14.373052582696054,-0.460046337909371,14.373052582696054,4.060671713446748,14.373052582696054,4.060671713446748,0.2825197841643921,0.2825197841643921,Calculated,SufficientBaseline,Partial Recovery,Baseline sufficient; inflow decreased >= 20%; some lost inflow recovered
58_46,46,58,6.1772422240364495,6.002685064353654,2.930910174764327,0.0,14.298155141643496,292,9,0.0308219178082191,Active,6.1772422240364495,6.002685064353654,2.930910174764327,0.0,14.298155141643496,9,0.0308219178082191,283,0.9691780821917808,8.45868006463689,8.741801502864877,2.3731883950692,54,8.45868006463689,8.741801502864877,2.3731883950692,54,1.0,SufficientBaseline,3.226247400497703,2.71614969590095,2.7446946956159954,28,3.226247400497703,2.71614969590095,2.7446946956159954,5.984052755782455,5.7088443337034604,2.647668272830624,210,5.984052755782455,5.7088443337034604,2.647668272830624,-5.232432664139187,-0.6185873710975736,Decrease,5.232432664139187,True,-5.232432664139187,-0.6185873710975736,5.232432664139187,2.757805355284753,5.232432664139187,2.757805355284753,0.527059884436841,0.527059884436841,Calculated,SufficientBaseline,Partial Recovery,Baseline sufficient; inflow decreased >= 20%; some lost inflow recovered
58_53,53,58,2.18827197963773,2.048569680090302,1.7052953955603007,0.0,9.35375181465694,292,65,0.2226027397260274,Active,2.18827197963773,2.048569680090302,1.7052953955603007,0.0,9.35375181465694,65,0.2226027397260274,227,0.7773972602739726,2.591226068096903,2.5216338626801957,1.9833236522442923,54,2.591226068096903,2.5216338626801957,1.9833236522442923,44,0.8148148148148148,SufficientBaseline,1.502695660866151,1.4509996317798397,1.618629260417536,28,1.502695660866151,1.4509996317798397,1.618629260417536,2.176065389870153,2.048569680090302,1.6149115806731538,210,2.176065389870153,2.048569680090302,1.6149115806731538,-1.088530407230752,-0.4200831492985909,Decrease,1.088530407230752,True,-1.088530407230752,-0.4200831492985909,1.088530407230752,0.6733697290040019,1.088530407230752,0.6733697290040019,0.6186044271533682,0.6186044271533682,Calculated,SufficientBaseline,Partial Recovery,Baseline sufficient; inflow decreased >= 20%; some lost inflow recovered
58_54,54,58,6.3996281679036215,6.116827390053173,2.841523610963423,0.0,14.60273403665721,292,4,0.0136986301369863,Active,6.3996281679036215,6.116827390053173,2.841523610963423,0.0,14.60273403665721,4,0.0136986301369863,288,0.9863013698630136,8.881677020774932,8.63426719498159,2.253838607077381,54,8.881677020774932,8.63426719498159,2.253838607077381,54,1.0,SufficientBaseline,4.872654290355831,5.062858386620681,2.612199693585345,28,4.872654290355831,5.062858386620681,2.612199693585345,5.964983551314514,5.8030085707339865,2.64169173338498,210,5.964983551314514,5.8030085707339865,2.64169173338498,-4.009022730419101,-0.4513812786753769,Decrease,4.009022730419101,True,-4.009022730419101,-0.4513812786753769,4.009022730419101,1.0923292609586834,4.009022730419101,1.0923292609586834,0.2724677145555849,0.2724677145555849,Calculated,SufficientBaseline,Partial Recovery,Baseline sufficient; inflow decreased >= 20%; some lost inflow recovered
58_58,58,58,1.5756959358539602,1.505999733951859,1.6416517238781083,0.0,8.441232746063356,292,117,0.4006849315068493,LowActivity,1.5756959358539602,1.505999733951859,1.6416517238781083,0.0,8.441232746063356,117,0.4006849315068493,175,0.5993150684931506,2.0442681162563714,1.7907777918151917,1.8379944449813144,54,2.0442681162563714,1.7907777918151917,1.8379944449813144,39,0.7222222222222222,SufficientBaseline,0.9727390122165888,0.5537529550832365,1.104900679568804,28,0.9727390122165888,0.5537529550832365,1.104900679568804,1.5356002030926088,1.4974008261550211,1.6220223231589697,210,1.5356002030926088,1.4974008261550211,1.6220223231589697,-1.0715291040397823,-0.5241627042552779,Decrease,1.0715291040397823,True,-1.0715291040397823,-0.5241627042552779,1.0715291040397823,0.56286119087602,1.0715291040397823,0.56286119087602,0.5252878234981873,0.5252878234981873,Calculated,SufficientBaseline,Partial Recovery,Baseline sufficient; inflow decreased >= 20%; some lost inflow recovered
58_59,59,58,3.5057957710658645,3.1675605021385893,2.1336858950150988,0.0,11.191120896455011,292,25,0.0856164383561643,Active,3.5057957710658645,3.1675605021385893,2.1336858950150988,0.0,11.191120896455011,25,0.0856164383561643,267,0.9143835616438356,4.180932138828125,4.295830464850274,2.075034305587596,54,4.180932138828125,4.295830464850274,2.075034305587596,52,0.9629629629629628,SufficientBaseline,2.777185823464207,2.631412370315441,2.222074578403228,28,2.777185823464207,2.631412370315441,2.222074578403228,3.42933726951198,3.011031335889311,2.10101827938775,210,3.42933726951198,3.011031335889311,2.10101827938775,-1.4037463153639185,-0.3357496052919373,Decrease,1.4037463153639185,True,-1.4037463153639185,-0.3357496052919373,1.4037463153639185,0.6521514460477729,1.4037463153639185,0.6521514460477729,0.4645792754075396,0.4645792754075396,Calculated,SufficientBaseline,Partial Recovery,Baseline sufficient; inflow decreased >= 20%; some lost inflow recovered
58_60,60,58,16.876619334239706,16.817275200911155,5.821101189732351,3.733082791678369,44.02600072158448,292,0,0.0,Active,16.890751318455912,16.847775603667216,5.838974587692617,3.733082791678369,44.02600072158448,0,0.0,292,1.0,23.750089372397948,23.057237278707102,4.43512172014484,54,23.798207392235017,23.057237278707102,4.459463881317193,54,1.0,SufficientBaseline,11.248002130923188,10.09687278277286,7.447614662393149,28,11.248002130923188,10.09687278277286,7.447614662393149,15.859637903917406,15.94547379721927,4.187579403503971,210,15.86691488639327,15.94547379721927,4.196984597071726,-12.55020526131183,-0.5273592693123081,Decrease,12.55020526131183,True,-12.55020526131183,-0.5273592693123081,12.55020526131183,4.618912755470081,12.55020526131183,4.618912755470081,0.3680348376220328,0.3680348376220328,Calculated,SufficientBaseline,Partial Recovery,Baseline sufficient; inflow decreased >= 20%; some lost inflow recovered
58_61,61,58,8.675149631727175,8.30564077945131,3.3172105125623794,0.0,21.746398637742224,292,1,0.0034246575342465,Active,8.67682970576941,8.30564077945131,3.3211013299375933,0.0,21.746398637742224,1,0.0034246575342465,291,0.9965753424657534,10.75684281308847,10.185503345323236,3.4839515026381447,54,10.765927657909458,10.185503345323236,3.498731915748586,54,1.0,SufficientBaseline,5.252005493793171,5.381368251197751,1.9154065455879112,28,5.252005493793171,5.381368251197751,1.9154065455879112,8.596276317768327,8.30564077945131,3.0122157701841696,210,8.596276317768327,8.30564077945131,3.0122157701841696,-5.513922164116287,-0.5121641477931859,Decrease,5.513922164116287,True,-5.513922164116287,-0.5121641477931859,5.513922164116287,3.3442708239751555,5.513922164116287,3.3442708239751555,0.6065139703529239,0.6065139703529239,Calculated,SufficientBaseline,Partial Recovery,Baseline sufficient; inflow decreased >= 20%; some lost inflow recovered
59_44,44,59,9.343199010193771,8.36992367260646,5.013594675649786,0.0,27.215962433295807,292,4,0.0136986301369863,Active,9.308162745691202,8.302571436150103,5.041109255052231,0.0,26.5103634072474,4,0.0136986301369863,288,0.9863013698630136,16.395454077728736,16.00873029676121,4.385589778322295,54,16.419488800293614,16.033494079833055,4.447548585620662,54,1.0,SufficientBaseline,3.331990410389817,2.655798507391242,2.909471149210117,28,3.315592449489692,2.551948528285562,2.846681259706038,8.331256472801499,7.790273621054942,3.2104948254486114,210,8.278545418763164,7.786149204092425,3.2214782981007155,-13.103896350803922,-0.7980696908523485,Decrease,13.103896350803922,True,-13.103896350803922,-0.7980696908523485,13.103896350803922,4.962952969273473,13.103896350803922,4.962952969273473,0.3787387229271693,0.3787387229271693,Calculated,SufficientBaseline,Partial Recovery,Baseline sufficient; inflow decreased >= 20%; some lost inflow recovered
59_46,46,59,3.3170496685122868,3.051760200885026,2.090695208990045,0.0,11.639057662028078,292,33,0.1130136986301369,Active,3.3170496685122868,3.051760200885026,2.090695208990045,0.0,11.639057662028078,33,0.1130136986301369,259,0.886986301369863,4.351151338682192,4.359461031719688,1.799286021627628,54,4.351151338682192,4.359461031719688,1.799286021627628,53,0.9814814814814816,SufficientBaseline,1.5536119283072556,1.4792349606960116,2.295485010982126,28,1.5536119283072556,1.4792349606960116,2.295485010982126,3.286262842495934,2.9700644313673594,1.9724083757862945,210,3.286262842495934,2.9700644313673594,1.9724083757862945,-2.7975394103749367,-0.6429423370096364,Decrease,2.7975394103749367,True,-2.7975394103749367,-0.6429423370096364,2.7975394103749367,1.7326509141886786,2.7975394103749367,1.7326509141886786,0.6193481699535601,0.6193481699535601,Calculated,SufficientBaseline,Partial Recovery,Baseline sufficient; inflow decreased >= 20%; some lost inflow recovered
59_47,47,59,3.284874164717802,2.2012222660699923,3.625588277318241,0.0,19.711971325187964,292,81,0.2773972602739726,Active,3.286563968903359,2.2012222660699923,3.629749085196728,0.0,19.711971325187964,81,0.2773972602739726,211,0.7226027397260274,9.426009954637518,9.241724134955891,3.1957892488884587,54,9.435147414307568,9.241724134955891,3.203810678753213,54,1.0,SufficientBaseline,0.9483320536807344,0.0,2.5557842795318777,28,0.9483320536807344,0.0,2.5557842795318777,2.017263909733865,2.018661169160481,1.6668372268017388,210,2.017263909733865,2.018661169160481,1.6668372268017388,-8.486815360626832,-0.8994894290424468,Decrease,8.486815360626832,True,-8.486815360626832,-0.8994894290424468,8.486815360626832,1.068931856053131,8.486815360626832,1.068931856053131,0.1259520574716709,0.1259520574716709,Calculated,SufficientBaseline,Partial Recovery,Baseline sufficient; inflow decreased >= 20%; some lost inflow recovered
59_48,48,59,1.1420596945906922,0.0,1.5151412480352862,0.0,8.979756167651825,292,156,0.5342465753424658,LowActivity,1.1420596945906922,0.0,1.5151412480352862,0.0,8.979756167651825,156,0.5342465753424658,136,0.4657534246575342,2.6514244918410097,2.4415018808601108,2.0211283623338283,54,2.6514244918410097,2.4415018808601108,2.0211283623338283,44,0.8148148148148148,SufficientBaseline,0.2710406507500293,0.0,0.8000253437037803,28,0.2710406507500293,0.0,0.8000253437037803,0.8700731906669849,0.0,1.1459336221774743,210,0.8700731906669849,0.0,1.1459336221774743,-2.380383841090981,-0.8977754593487093,Decrease,2.380383841090981,True,-2.380383841090981,-0.8977754593487093,2.380383841090981,0.5990325399169556,2.380383841090981,0.5990325399169556,0.2516537583461355,0.2516537583461355,Calculated,SufficientBaseline,Partial Recovery,Baseline sufficient; inflow decreased >= 20%; some lost inflow recovered
59_50,50,59,0.4133201252531657,0.0,0.8487739870655368,0.0,4.08243283000917,292,228,0.7808219178082192,LowActivity,0.4133201252531657,0.0,0.8487739870655368,0.0,4.08243283000917,228,0.7808219178082192,64,0.2191780821917808,1.3734855503991237,1.3883434441913858,1.1555990852965763,54,1.3734855503991237,1.3883434441913858,1.1555990852965763,37,0.6851851851851852,SufficientBaseline,0.0,0.0,0.0,28,0.0,0.0,0.0,0.2215297945351034,0.0,0.6052928659131931,210,0.2215297945351034,0.0,0.6052928659131931,-1.3734855503991237,-1.0,Decrease,1.3734855503991237,True,-1.3734855503991237,-1.0,1.3734855503991237,0.2215297945351034,1.3734855503991237,0.2215297945351034,0.1612902257841218,0.1612902257841218,Calculated,SufficientBaseline,Partial Recovery,Baseline sufficient; inflow decreased >= 20%; some lost inflow recovered
59_51,51,59,1.033493035872929,0.0,1.4756833946957029,0.0,7.531747179921474,292,174,0.5958904109589042,LowActivity,1.033493035872929,0.0,1.4756833946957029,0.0,7.531747179921474,174,0.5958904109589042,118,0.4041095890410959,2.859997299392956,2.884891589979836,1.5245926363107212,54,2.859997299392956,2.884891589979836,1.5245926363107212,50,0.925925925925926,SufficientBaseline,0.1194457649933611,0.0,0.4734757238357402,28,0.1194457649933611,0.0,0.4734757238357402,0.6856934804183883,0.0,1.1481254245393986,210,0.6856934804183883,0.0,1.1481254245393986,-2.7405515343995943,-0.958235707069124,Decrease,2.7405515343995943,True,-2.7405515343995943,-0.958235707069124,2.7405515343995943,0.5662477154250272,2.7405515343995943,0.5662477154250272,0.206618160000805,0.206618160000805,Calculated,SufficientBaseline,Partial Recovery,Baseline sufficient; inflow decreased >= 20%; some lost inflow recovered
59_53,53,59,7.379487233134045,7.330434202670974,2.8398502854733163,0.0,15.981054906030524,292,5,0.0171232876712328,Active,7.394744158653816,7.374479794207151,2.849819728335377,0.0,15.981054906030524,5,0.0171232876712328,287,0.9828767123287672,9.232562921479667,9.331695520768754,2.957649083050597,54,9.232562921479667,9.331695520768754,2.957649083050597,54,1.0,SufficientBaseline,4.462527239762395,4.693303390252053,3.1109407263860813,28,4.462527239762395,4.693303390252053,3.1109407263860813,7.291910055247106,7.307943058919421,2.392799132994294,210,7.313124446922213,7.330434202670974,2.4099941926200037,-4.770035681717272,-0.51665347122842,Decrease,4.770035681717272,True,-4.770035681717272,-0.51665347122842,4.770035681717272,2.850597207159818,4.770035681717272,2.850597207159818,0.5976050070412823,0.5976050070412823,Calculated,SufficientBaseline,Partial Recovery,Baseline sufficient; inflow decreased >= 20%; some lost inflow recovered
60_49,49,60,1.2343817800711685,1.0161387431091466,1.5000065246933505,0.0,6.273568833052928,292,143,0.4897260273972603,LowActivity,1.2343817800711685,1.0161387431091466,1.5000065246933505,0.0,6.273568833052928,143,0.4897260273972603,149,0.5102739726027398,2.597452324200026,2.449483285318068,1.831076566029869,54,2.597452324200026,2.449483285318068,1.831076566029869,44,0.8148148148148148,SufficientBaseline,0.6745760929665259,0.0,1.2928145145185488,28,0.6745760929665259,0.0,1.2928145145185488,0.958518684147224,0.0,1.2116705565013677,210,0.958518684147224,0.0,1.2116705565013677,-1.9228762312335,-0.7402931762475046,Decrease,1.9228762312335,True,-1.9228762312335,-0.7402931762475046,1.9228762312335,0.2839425911806981,1.9228762312335,0.2839425911806981,0.147665557755921,0.147665557755921,Calculated,SufficientBaseline,Partial Recovery,Baseline sufficient; inflow decreased >= 20%; some lost inflow recovered
60_50,50,60,6.785566429136089,6.770123086763247,3.279787931392321,0.0,15.95176494828467,292,13,0.0445205479452054,Active,6.785566429136089,6.770123086763247,3.279787931392321,0.0,15.95176494828467,13,0.0445205479452054,279,0.9554794520547946,8.735136817972743,8.32899164157475,2.861961178506291,54,8.735136817972743,8.32899164157475,2.861961178506291,54,1.0,SufficientBaseline,3.5631220957145984,1.9480383076637688,4.1142644448635535,28,3.5631220957145984,1.9480383076637688,4.1142644448635535,6.713907573605719,6.6736262016864565,2.88708009178892,210,6.713907573605719,6.6736262016864565,2.88708009178892,-5.172014722258144,-0.59209315549776,Decrease,5.172014722258144,True,-5.172014722258144,-0.59209315549776,5.172014722258144,3.150785477891121,5.172014722258144,3.150785477891121,0.6091988610031377,0.6091988610031377,Calculated,SufficientBaseline,Partial Recovery,Baseline sufficient; inflow decreased >= 20%; some lost inflow recovered
60_51,51,60,0.960444767644263,0.0,1.2237427753950598,0.0,5.520671302201879,292,157,0.5376712328767124,LowActivity,0.960444767644263,0.0,1.2237427753950598,0.0,5.520671302201879,157,0.5376712328767124,135,0.4623287671232877,1.9296302745755265,1.8413813942811128,1.548621628492141,54,1.9296302745755265,1.8413813942811128,1.548621628492141,40,0.7407407407407407,SufficientBaseline,0.5417462668532453,0.0,1.0136996055968364,28,0.5417462668532453,0.0,1.0136996055968364,0.7670521040626451,0.0,1.0200124752813315,210,0.7670521040626451,0.0,1.0200124752813315,-1.3878840077222812,-0.7192486695554065,Decrease,1.3878840077222812,True,-1.3878840077222812,-0.7192486695554065,1.3878840077222812,0.2253058372093997,1.3878840077222812,0.2253058372093997,0.1623376564293433,0.1623376564293433,Calculated,SufficientBaseline,Partial Recovery,Baseline sufficient; inflow decreased >= 20%; some lost inflow recovered
60_53,53,60,21.04726596976705,21.036398648646923,6.088446616974995,0.0,38.63320592064469,292,1,0.0034246575342465,Active,21.029815480193744,21.036398648646923,6.075929204243147,0.0,38.63320592064469,1,0.0034246575342465,291,0.9965753424657534,24.16769365513108,24.681196292068428,3.8922355142374063,54,24.16769365513108,24.681196292068428,3.8922355142374063,54,1.0,SufficientBaseline,15.380255437747964,16.742820575820765,7.07175043128866,28,15.380255437747964,16.742820575820765,7.07175043128866,21.00047168351408,20.675185614749488,5.872841640817021,210,20.976207193250247,20.675185614749488,5.854554946626957,-8.787438217383118,-0.3636026814464955,Decrease,8.787438217383118,True,-8.787438217383118,-0.3636026814464955,8.787438217383118,5.595951755502282,8.787438217383118,5.595951755502282,0.6368126428965946,0.6368126428965946,Calculated,SufficientBaseline,Partial Recovery,Baseline sufficient; inflow decreased >= 20%; some lost inflow recovered
60_54,54,60,0.2874013754929781,0.0,0.7648074412991783,0.0,4.132291489151747,292,251,0.8595890410958904,LowActivity,0.2874013754929781,0.0,0.7648074412991783,0.0,4.132291489151747,251,0.8595890410958904,41,0.1404109589041096,1.2781082109484392,1.4644902571274625,1.230734856325062,54,1.2781082109484392,1.4644902571274625,1.230734856325062,32,0.5925925925925926,SufficientBaseline,0.0392860311353984,0.0,0.2078821367660093,28,0.0392860311353984,0.0,0.2078821367660093,0.0657302351473463,0.0,0.3369202851623754,210,0.0657302351473463,0.0,0.3369202851623754,-1.2388221798130408,-0.9692623591657816,Decrease,1.2388221798130408,True,-1.2388221798130408,-0.9692623591657816,1.2388221798130408,0.0264442040119479,1.2388221798130408,0.0264442040119479,0.0213462468164227,0.0213462468164227,Calculated,SufficientBaseline,Partial Recovery,Baseline sufficient; inflow decreased >= 20%; some lost inflow recovered
61_53,53,61,4.816101291286092,4.612629315266894,2.425613350811231,0.0,13.349989782707214,292,13,0.0445205479452054,Active,4.818294855339629,4.612629315266894,2.430246743279885,0.0,13.349989782707214,13,0.0445205479452054,279,0.9554794520547946,6.27395976107371,6.094001783264339,2.3741645258321475,54,6.27395976107371,6.094001783264339,2.3741645258321475,54,1.0,SufficientBaseline,1.669699459894148,1.33370374729977,2.44644377006299,28,1.669699459894148,1.33370374729977,2.44644377006299,4.860743643240582,4.612629315266894,2.027802354727098,210,4.86379374182931,4.612629315266894,2.0354440892688443,-4.604260301179562,-0.7338683186567968,Decrease,4.604260301179562,True,-4.604260301179562,-0.7338683186567968,4.604260301179562,3.194094281935162,4.604260301179562,3.194094281935162,0.693725826299801,0.693725826299801,Calculated,SufficientBaseline,Partial Recovery,Baseline sufficient; inflow decreased >= 20%; some lost inflow recovered
61_66,66,61,6.145218962134991,6.081378616035496,2.42456710345134,0.0,12.679905536740822,292,3,0.0102739726027397,Active,6.145218962134991,6.081378616035496,2.42456710345134,0.0,12.679905536740822,3,0.0102739726027397,289,0.9897260273972602,6.774369277749461,6.725563518999836,2.6102868361445,54,6.774369277749461,6.725563518999836,2.6102868361445,54,1.0,SufficientBaseline,4.188914151029306,4.112366007178949,2.7042254251392275,28,4.188914151029306,4.112366007178949,2.7042254251392275,6.244278093886314,6.1266486582666815,2.2107703491952546,210,6.244278093886314,6.1266486582666815,2.2107703491952546,-2.585455126720155,-0.3816525230196897,Decrease,2.585455126720155,True,-2.585455126720155,-0.3816525230196897,2.585455126720155,2.0553639428570083,2.585455126720155,2.0553639428570083,0.7949718104233325,0.7949718104233325,Calculated,SufficientBaseline,Partial Recovery,Baseline sufficient; inflow decreased >= 20%; some lost inflow recovered
62_59,59,62,1.0255530176929557,0.0,1.3363300470388824,0.0,6.124671807676135,292,162,0.5547945205479452,LowActivity,1.0255530176929557,0.0,1.3363300470388824,0.0,6.124671807676135,162,0.5547945205479452,130,0.4452054794520548,1.9504954524426603,1.918402718901184,1.7058674528629691,54,1.9504954524426603,1.918402718901184,1.7058674528629691,38,0.7037037037037037,SufficientBaseline,0.5167575766896579,0.0,1.053050378009315,28,0.5167575766896579,0.0,1.053050378009315,0.8555500694625188,0.0,1.14911220317442,210,0.8555500694625188,0.0,1.14911220317442,-1.4337378757530024,-0.735063429118736,Decrease,1.4337378757530024,True,-1.4337378757530024,-0.735063429118736,1.4337378757530024,0.3387924927728608,1.4337378757530024,0.3387924927728608,0.2363001623256456,0.2363001623256456,Calculated,SufficientBaseline,Partial Recovery,Baseline sufficient; inflow decreased >= 20%; some lost inflow recovered
62_60,60,62,0.9981965476020758,1.0207793872736943,1.1732368227816494,0.0,7.265871224459598,292,138,0.4726027397260274,LowActivity,0.9981965476020758,1.0207793872736943,1.1732368227816494,0.0,7.265871224459598,138,0.4726027397260274,154,0.5273972602739726,1.733720338739852,1.5869918625646449,1.6574990724470335,54,1.733720338739852,1.5869918625646449,1.6574990724470335,37,0.6851851851851852,SufficientBaseline,0.3150147498636243,0.0,0.5162488752064971,28,0.3150147498636243,0.0,0.5162488752064971,0.9001527648174887,1.0377389011287488,0.9866406250830716,210,0.9001527648174887,1.0377389011287488,0.9866406250830716,-1.418705588876228,-0.8183012895305875,Decrease,1.418705588876228,True,-1.418705588876228,-0.8183012895305875,1.418705588876228,0.5851380149538644,1.418705588876228,0.5851380149538644,0.4124449917881543,0.4124449917881543,Calculated,SufficientBaseline,Partial Recovery,Baseline sufficient; inflow decreased >= 20%; some lost inflow recovered
63_55,55,63,0.5880528478876684,0.0,1.0911938156356007,0.0,5.88851537204124,292,213,0.7294520547945206,LowActivity,0.5880528478876684,0.0,1.0911938156356007,0.0,5.88851537204124,213,0.7294520547945206,79,0.2705479452054795,2.275480287457597,2.1429442520993547,1.1810983161973414,54,2.275480287457597,2.1429442520993547,1.1810983161973414,50,0.925925925925926,SufficientBaseline,0.0,0.0,0.0,28,0.0,0.0,0.0,0.2325499812404235,0.0,0.6285745236823349,210,0.2325499812404235,0.0,0.6285745236823349,-2.275480287457597,-1.0,Decrease,2.275480287457597,True,-2.275480287457597,-1.0,2.275480287457597,0.2325499812404235,2.275480287457597,0.2325499812404235,0.1021981963641849,0.1021981963641849,Calculated,SufficientBaseline,Partial Recovery,Baseline sufficient; inflow decreased >= 20%; some lost inflow recovered
63_66,66,63,4.99202972257019,4.256540385674586,3.2598115661401703,0.0,21.15272218577277,292,16,0.0547945205479452,Active,4.99202972257019,4.256540385674586,3.2598115661401703,0.0,21.15272218577277,16,0.0547945205479452,276,0.9452054794520548,9.496969334496692,9.582811924965103,2.347099908660533,54,9.496969334496692,9.582811924965103,2.347099908660533,54,1.0,SufficientBaseline,3.7466405730430377,2.6469020267994834,4.007459609668249,28,3.7466405730430377,2.6469020267994834,4.007459609668249,3.9996685661069953,3.823556696177267,2.2097619819466767,210,3.9996685661069953,3.823556696177267,2.2097619819466767,-5.750328761453655,-0.6054909265176018,Decrease,5.750328761453655,True,-5.750328761453655,-0.6054909265176018,5.750328761453655,0.2530279930639576,5.750328761453655,0.2530279930639576,0.0440023524846244,0.0440023524846244,Calculated,SufficientBaseline,Partial Recovery,Baseline sufficient; inflow decreased >= 20%; some lost inflow recovered
65_62,62,65,3.019272274998232,3.159006338029616,1.5065972346912428,0.0,6.892208998116566,292,28,0.0958904109589041,Active,3.019272274998232,3.159006338029616,1.5065972346912428,0.0,6.892208998116566,28,0.0958904109589041,264,0.9041095890410958,3.38865527187729,3.5717760160870053,1.239715517946963,54,3.38865527187729,3.5717760160870053,1.239715517946963,53,0.9814814814814816,SufficientBaseline,0.985416340485562,0.0,1.3279038141195785,28,0.985416340485562,0.0,1.3279038141195785,3.1954688670691165,3.2870654882020194,1.3864438424859982,210,3.1954688670691165,3.2870654882020194,1.3864438424859982,-2.403238931391728,-0.709201361181939,Decrease,2.403238931391728,True,-2.403238931391728,-0.709201361181939,2.403238931391728,2.2100525265835542,2.403238931391728,2.2100525265835542,0.919614149768996,0.919614149768996,Calculated,SufficientBaseline,Partial Recovery,Baseline sufficient; inflow decreased >= 20%; some lost inflow recovered
